﻿S.No,Account Name,Breakdown 1.6,Breakdown 1.5,Breakdown 1.4,Breakdown 1.3,Breakdown 1.2,Breakdown 1.1,Breakdown,Tag
1,Cash Financial,,,Cash Financial,Cash And Cash Equivalents,Cash Cash Equivalents And Short Term Investments,Current Assets,Total Assets,Balance Sheet
1,Cash Equivalents,,,Cash Equivalents,Cash And Cash Equivalents,Cash Cash Equivalents And Short Term Investments,Current Assets,Total Assets,Balance Sheet
1,Other Short Term Investments,,,,Other Short Term Investments,Cash Cash Equivalents And Short Term Investments,Current Assets,Total Assets,Balance Sheet
1,Gross Accounts Receivable,,,Gross Accounts Receivable,Accounts receivable,Receivables,Current Assets,Total Assets,Balance Sheet
1,Allowance For Doubtful Accounts Receivable,,,Allowance For Doubtful Accounts Receivable,Accounts receivable,Receivables,Current Assets,Total Assets,Balance Sheet
1,Other Receivables,,,,Other Receivables,Receivables,Current Assets,Total Assets,Balance Sheet
1,Receivables Adjustments Allowances,,,,Receivables Adjustments Allowances,Receivables,Current Assets,Total Assets,Balance Sheet
1,Loans Receivable,,,,Loans Receivable,Receivables,Current Assets,Total Assets,Balance Sheet
1,Taxes Receivable,,,,Taxes Receivable,Receivables,Current Assets,Total Assets,Balance Sheet
1,Duefrom Related Parties Current,,,,Duefrom Related Parties Current,Receivables,Current Assets,Total Assets,Balance Sheet
1,Accrued Interest Receivable,,,,Accrued Interest Receivable,Receivables,Current Assets,Total Assets,Balance Sheet
1,Notes Receivable,,,,Notes Receivable,Receivables,Current Assets,Total Assets,Balance Sheet
1,Raw Materials,,,,Raw Materials,Inventory,Current Assets,Total Assets,Balance Sheet
1,Work in Process,,,,Work in Process,Inventory,Current Assets,Total Assets,Balance Sheet
1,Finished Goods,,,,Finished Goods,Inventory,Current Assets,Total Assets,Balance Sheet
1,Inventories Adjustments Allowances,,,,Inventories Adjustments Allowances,Inventory,Current Assets,Total Assets,Balance Sheet
1,Other Inventories,,,,Other Inventories,Inventory,Current Assets,Total Assets,Balance Sheet
1,Prepaid Assets,,,,,Prepaid Assets,Current Assets,Total Assets,Balance Sheet
1,Restricted Cash,,,,,Restricted Cash,Current Assets,Total Assets,Balance Sheet
1,Current Deferred Taxes Assets,,,,Current Deferred Taxes Assets,Current Deferred Assets,Current Assets,Total Assets,Balance Sheet
1,Other Current Assets,,,,,Other Current Assets,Current Assets,Total Assets,Balance Sheet
1,Assets Held For Sale Current,,,,,Assets Held For Sale Current,Current Assets,Total Assets,Balance Sheet
1,Hedging Assets Current,,,,,Hedging Assets Current,Current Assets,Total Assets,Balance Sheet
1,Held To Maturity Securities,,,,,Held To Maturity Securities,Securities and Investments,Total Assets,Balance Sheet
1,Trading Securities,,,,,Trading Securities,Securities and Investments,Total Assets,Balance Sheet
1,Land And Improvements,,,Land And Improvements,Gross PPE,Net PPE,Total Non Current Assets,Total Assets,Balance Sheet
1,Buildings And Improvements,,,Buildings And Improvements,Gross PPE,Net PPE,Total Non Current Assets,Total Assets,Balance Sheet
1,Machinery Furniture Equipment,,,Machinery Furniture Equipment,Gross PPE,Net PPE,Total Non Current Assets,Total Assets,Balance Sheet
1,Properties,,,Properties,Gross PPE,Net PPE,Total Non Current Assets,Total Assets,Balance Sheet
1,Other Properties,,,Other Properties,Gross PPE,Net PPE,Total Non Current Assets,Total Assets,Balance Sheet
1,Construction in Progress,,,Construction in Progress,Gross PPE,Net PPE,Total Non Current Assets,Total Assets,Balance Sheet
1,Leases,,,Leases,Gross PPE,Net PPE,Total Non Current Assets,Total Assets,Balance Sheet
1,Accumulated Depreciation,,,,Accumulated Depreciation,Net PPE,Total Non Current Assets,Total Assets,Balance Sheet
1,Goodwill,,,,Goodwill,Goodwill And Other Intangible Assets,Total Non Current Assets,Total Assets,Balance Sheet
1,Other Intangible Assets,,,,Other Intangible Assets,Goodwill And Other Intangible Assets,Total Non Current Assets,Total Assets,Balance Sheet
1,Other Investments,,,,Other Investments,Investments And Advances,Total Non Current Assets,Total Assets,Balance Sheet
1,Investments In Other Ventures Under Equity Method,,,Investments In Other Ventures Under Equity Method,Long Term Equity Investment,Investments And Advances,Total Non Current Assets,Total Assets,Balance Sheet
1,Investmentsin Associatesat Cost,,,Investmentsin Associatesat Cost,Long Term Equity Investment,Investments And Advances,Total Non Current Assets,Total Assets,Balance Sheet
1,Investmentsin Joint Venturesat Cost,,,Investmentsin Joint Venturesat Cost,Long Term Equity Investment,Investments And Advances,Total Non Current Assets,Total Assets,Balance Sheet
1,Investmentsin Subsidiariesat Cost,,,Investmentsin Subsidiariesat Cost,Long Term Equity Investment,Investments And Advances,Total Non Current Assets,Total Assets,Balance Sheet
1,Available For Sale Securities,,,Available For Sale Securities,Investmentin Financial Assets,Investments And Advances,Total Non Current Assets,Total Assets,Balance Sheet
1,Financial Assets Designatedas Fair Value Through Profitor Loss Total,,,Financial Assets Designatedas Fair Value Through Profitor Loss Total,Investmentin Financial Assets,Investments And Advances,Total Non Current Assets,Total Assets,Balance Sheet
1,Non Current Deferred Taxes Assets,,,,Non Current Deferred Taxes Assets,Non Current Deferred Assets,Total Non Current Assets,Total Assets,Balance Sheet
1,Non Current Prepaid Assets,,,,,Non Current Prepaid Assets,Total Non Current Assets,Total Assets,Balance Sheet
1,Non Current Accounts Receivable,,,,,Non Current Accounts Receivable,Total Non Current Assets,Total Assets,Balance Sheet
1,Non Current Note Receivables,,,,,Non Current Note Receivables,Total Non Current Assets,Total Assets,Balance Sheet
1,Other Non Current Assets,,,,,Other Non Current Assets,Total Non Current Assets,Total Assets,Balance Sheet
1,Investment Properties,,,,,Investment Properties,Total Non Current Assets,Total Assets,Balance Sheet
1,Defined Pension Benefit,,,,,Defined Pension Benefit,Total Non Current Assets,Total Assets,Balance Sheet
1,Duefrom Related Parties Non Current,,,,,Duefrom Related Parties Non Current,Total Non Current Assets,Total Assets,Balance Sheet
1,Financial Assets,,,,,Financial Assets,Total Non Current Assets,Total Assets,Balance Sheet
2,Accounts Payable,,,Accounts Payable,Payables,Payables And Accrued Expenses,Current Liabilities,Total Liabilities Net Minority Interest,Balance Sheet
2,Income Tax Payable,,Income Tax Payable,Total Tax Payable,Payables,Payables And Accrued Expenses,Current Liabilities,Total Liabilities Net Minority Interest,Balance Sheet
2,Other Payable,,,Other Payable,Payables,Payables And Accrued Expenses,Current Liabilities,Total Liabilities Net Minority Interest,Balance Sheet
2,Dividends Payable,,,Dividends Payable,Payables,Payables And Accrued Expenses,Current Liabilities,Total Liabilities Net Minority Interest,Balance Sheet
2,Dueto Related Parties Current,,,Dueto Related Parties Current,Payables,Payables And Accrued Expenses,Current Liabilities,Total Liabilities Net Minority Interest,Balance Sheet
2,Interest Payable,,,Interest Payable,Current Accrued Expenses,Payables And Accrued Expenses,Current Liabilities,Total Liabilities Net Minority Interest,Balance Sheet
2,Current Provisions,,,,,Current Provisions,Current Liabilities,Total Liabilities Net Minority Interest,Balance Sheet
2,Other Current Borrowings,,,Other Current Borrowings,Current Debt,Current Debt And Capital Lease Obligation,Current Liabilities,Total Liabilities Net Minority Interest,Balance Sheet
2,Commercial Paper,,,Commercial Paper,Current Debt,Current Debt And Capital Lease Obligation,Current Liabilities,Total Liabilities Net Minority Interest,Balance Sheet
2,Current Notes Payable,,,Current Notes Payable,Current Debt,Current Debt And Capital Lease Obligation,Current Liabilities,Total Liabilities Net Minority Interest,Balance Sheet
2,Line Of Credit,,Line Of Credit,Current Debt,Current Capital Lease Obligation,Current Debt And Capital Lease Obligation,Current Liabilities,Total Liabilities Net Minority Interest,Balance Sheet
2,Current Deferred Revenue,,,,Current Deferred Revenue,Current Deferred Liabilities,Current Liabilities,Total Liabilities Net Minority Interest,Balance Sheet
2,Current Deferred Taxes Liabilities,,,,Current Deferred Taxes Liabilities,Current Deferred Liabilities,Current Liabilities,Total Liabilities Net Minority Interest,Balance Sheet
2,Other Current Liabilities,,,,,Other Current Liabilities,Current Liabilities,Total Liabilities Net Minority Interest,Balance Sheet
2,Pensionand Other Post Retirement Benefit Plans Current,,,,,Pensionand Other Post Retirement Benefit Plans Current,Current Liabilities,Total Liabilities Net Minority Interest,Balance Sheet
2,Long Term Debt,,,,Long Term Debt,Long Term Debt And Capital Lease Obligation,Total Non Current Liabilities Net Minority Interest,Total Liabilities Net Minority Interest,Balance Sheet
2,Long Term Capital Lease Obligation,,,,Long Term Capital Lease Obligation,Long Term Debt And Capital Lease Obligation,Total Non Current Liabilities Net Minority Interest,Total Liabilities Net Minority Interest,Balance Sheet
2,Preferred Securities Outside Stock Equity,,,,Preferred Securities Outside Stock Equity,Long Term Debt And Capital Lease Obligation,Total Non Current Liabilities Net Minority Interest,Total Liabilities Net Minority Interest,Balance Sheet
2,Non Current Accrued Expenses,,,,,Non Current Accrued Expenses,Total Non Current Liabilities Net Minority Interest,Total Liabilities Net Minority Interest,Balance Sheet
2,Dueto Related Parties Non Current,,,,,Dueto Related Parties Non Current,Total Non Current Liabilities Net Minority Interest,Total Liabilities Net Minority Interest,Balance Sheet
2,Long Term Provisions,,,,Long Term Provisions,Total Deferred Credits & Other Non Current Liabilities,Total Non Current Liabilities Net Minority Interest,Total Liabilities Net Minority Interest,Balance Sheet
2,Non Current Deferred Taxes Liabilities,,,Non Current Deferred Taxes Liabilities,Non Current Deferred Liabilities,Total Deferred Credits & Other Non Current Liabilities,Total Non Current Liabilities Net Minority Interest,Total Liabilities Net Minority Interest,Balance Sheet
2,Non Current Deferred Revenue,,,Non Current Deferred Revenue,Non Current Deferred Liabilities,Total Deferred Credits & Other Non Current Liabilities,Total Non Current Liabilities Net Minority Interest,Total Liabilities Net Minority Interest,Balance Sheet
2,Other Non Current Liabilities,,,,Other Non Current Liabilities,Total Deferred Credits & Other Non Current Liabilities,Total Non Current Liabilities Net Minority Interest,Total Liabilities Net Minority Interest,Balance Sheet
2,Preferred Stock,,,,,Preferred Stock,Total Non Current Liabilities Net Minority Interest,Total Liabilities Net Minority Interest,Balance Sheet
2,Tradeand Other Payables Non Current,,,,,Tradeand Other Payables Non Current,Total Non Current Liabilities Net Minority Interest,Total Liabilities Net Minority Interest,Balance Sheet
2,Non Current Pension And Other Postretirement Benefit Plans,,,,Non Current Pension And Other Postretirement Benefit Plans,Employee Benefits,Total Non Current Liabilities Net Minority Interest,Total Liabilities Net Minority Interest,Balance Sheet
2,Liabilities Heldfor Sale Non Current,,,,,Liabilities Heldfor Sale Non Current,Total Non Current Liabilities Net Minority Interest,Total Liabilities Net Minority Interest,Balance Sheet
2,Derivative Product Liabilities,,,,,,Derivative Product Liabilities,Total Liabilities Net Minority Interest,Balance Sheet
3,Common Stock,,,,Common Stock,Capital Stock,Stockholders Equity,Total Equity Gross Minority Interest,Balance Sheet
3,Additional Paid in Capital,,,,,Additional Paid in Capital,Stockholders Equity,Total Equity Gross Minority Interest,Balance Sheet
3,Retained Earnings,,,,,Retained Earnings,Stockholders Equity,Total Equity Gross Minority Interest,Balance Sheet
3,Treasury Stock,,,,,Treasury Stock,Stockholders Equity,Total Equity Gross Minority Interest,Balance Sheet
3,Other Equity Adjustments,,,,Other Equity Adjustments,Gains Losses Not Affecting Retained Earnings,Stockholders Equity,Total Equity Gross Minority Interest,Balance Sheet
3,Minimum Pension Liabilities,,,,Minimum Pension Liabilities,Gains Losses Not Affecting Retained Earnings,Stockholders Equity,Total Equity Gross Minority Interest,Balance Sheet
3,Foreign Currency Translation Adjustments,,,,Foreign Currency Translation Adjustments,Gains Losses Not Affecting Retained Earnings,Stockholders Equity,Total Equity Gross Minority Interest,Balance Sheet
3,Unrealized Gain Loss,,,,Unrealized Gain Loss,Gains Losses Not Affecting Retained Earnings,Stockholders Equity,Total Equity Gross Minority Interest,Balance Sheet
3,Fixed Assets Revaluation Reserve,,,,Fixed Assets Revaluation Reserve,Gains Losses Not Affecting Retained Earnings,Stockholders Equity,Total Equity Gross Minority Interest,Balance Sheet
3,Other Equity Interest,,,,,Other Equity Interest,Stockholders Equity,Total Equity Gross Minority Interest,Balance Sheet
3,Minority Interest,,,,,,Minority Interest,Total Equity Gross Minority Interest,Balance Sheet
3,General Partnership Capital,,,,,General Partnership Capital,Total Partnership Capital,Total Equity Gross Minority Interest,Balance Sheet
3,Limited Partnership Capital,,,,,Limited Partnership Capital,Total Partnership Capital,Total Equity Gross Minority Interest,Balance Sheet
4,Total Capitalization,,,,,,,Total Capitalization,Balance Sheet
5,Common Stock Equity,,,,,,,Common Stock Equity,Balance Sheet
6,Capital Lease Obligations,,,,,,,Capital Lease Obligations,Balance Sheet
7,Net Tangible Assets,,,,,,,Net Tangible Assets,Balance Sheet
8,Working Capital,,,,,,,Working Capital,Balance Sheet
9,Invested Capital,,,,,,,Invested Capital,Balance Sheet
10,Tangible Book Value,,,,,,,Tangible Book Value,Balance Sheet
11,Treasury Shares Number,,,,,,,Treasury Shares Number,Balance Sheet
12,Ordinary Shares Number,,,,,,,Ordinary Shares Number,Balance Sheet
13,Share Issued,,,,,,,Share Issued,Balance Sheet
14,Net Debt,,,,,,,Net Debt,Balance Sheet
15,Total Debt,,,,,,,Total Debt,Balance Sheet
16,Preferred Stock Equity,,,,,,,Preferred Stock Equity,Balance Sheet
17,Preferred Shares Number,,,,,,,Preferred Shares Number,Balance Sheet
18,Operating Revenue,,,,,,Operating Revenue,Total Revenue,Income Statement
18,Excise Taxes,,,,,,Excise Taxes,Total Revenue,Income Statement
19,Cost of Revenue,,,,,,,Cost of Revenue,Income Statement
20,Gross Profit,,,,,,,Gross Profit,Income Statement
21,Insurance And Claims,,,,Insurance And Claims,General And Administrative Expense,Selling General And Administration,Operating Expense,Income Statement
21,Salaries And Wages,,,,Salaries And Wages,General And Administrative Expense,Selling General And Administration,Operating Expense,Income Statement
21,Rent And Landing Fees,,,,Rent And Landing Fees,General And Administrative Expense,Selling General And Administration,Operating Expense,Income Statement
21,Other Gand A,,,,Other Gand A,General And Administrative Expense,Selling General And Administration,Operating Expense,Income Statement
21,Selling And Marketing Expense,,,,,Selling And Marketing Expense,Selling General And Administration,Operating Expense,Income Statement
21,Research And Development,,,,,,Research And Development,Operating Expense,Income Statement
21,Other Operating Expenses,,,,,,Other Operating Expenses,Operating Expense,Income Statement
21,Other Taxes,,,,,,Other Taxes,Operating Expense,Income Statement
21,Provision For Doubtful Accounts,,,,,,Provision For Doubtful Accounts,Operating Expense,Income Statement
22,Interest Income Non Operating,,,,,Interest Income Non Operating,Net Non Operating Interest Income Expense,Operating Income,Income Statement
22,Interest Expense Non Operating,,,,,Interest Expense Non Operating,Net Non Operating Interest Income Expense,Operating Income,Income Statement
22,Total Other Finance Cost,,,,,Total Other Finance Cost,Net Non Operating Interest Income Expense,Operating Income,Income Statement
23,Restructuring And Mergern Acquisition,,,,,Restructuring And Mergern Acquisition,Special Income Charges,Other Income Expense,Income Statement
23,Impairment Of Capital Assets,,,,,Impairment Of Capital Assets,Special Income Charges,Other Income Expense,Income Statement
23,Write Off,,,,,Write Off,Special Income Charges,Other Income Expense,Income Statement
23,Other Special Charges,,,,,Other Special Charges,Special Income Charges,Other Income Expense,Income Statement
23,Gain On Sale Of Business,,,,,Gain On Sale Of Business,Special Income Charges,Other Income Expense,Income Statement
23,Gain On Sale Of Ppe,,,,,Gain On Sale Of Ppe,Special Income Charges,Other Income Expense,Income Statement
23,Other Non Operating Income Expenses,,,,,,Other Non Operating Income Expenses,Other Income Expense,Income Statement
23,Earnings From Equity Interest,,,,,,Earnings From Equity Interest,Other Income Expense,Income Statement
23,Gain On Sale Of Security,,,,,,Gain On Sale Of Security,Other Income Expense,Income Statement
23,Securities Amortization,,,,,,Securities Amortization,Other Income Expense,Income Statement
24,Pretax Income,,,,,,,Pretax Income,Income Statement
25,Tax Provision,,,,,,,Tax Provision,Income Statement
26,Net Income Continuous Operations,,,,Net Income Continuous Operations,Net Income Including Noncontrolling Interests,Net Income,Net Income Common Stockholders,Income Statement
26,Net Income Extraordinary,,,,Net Income Extraordinary,Net Income Including Noncontrolling Interests,Net Income,Net Income Common Stockholders,Income Statement
26,Net Income Discontinuous Operations,,,,Net Income Discontinuous Operations,Net Income Including Noncontrolling Interests,Net Income,Net Income Common Stockholders,Income Statement
26,Net Income From Tax Loss Carryforward,,,,Net Income From Tax Loss Carryforward,Net Income Including Noncontrolling Interests,Net Income,Net Income Common Stockholders,Income Statement
26,Preferred Stock Dividends,,,,,Preferred Stock Dividends,Net Income,Net Income Common Stockholders,Income Statement
26,Minority Interests,,,,,Minority Interests,Net Income,Net Income Common Stockholders,Income Statement
26,Otherunder Preferred Stock Dividend,,,,,Otherunder Preferred Stock Dividend,Net Income,Net Income Common Stockholders,Income Statement
26,Average Dilution Earnings,,,,,,Average Dilution Earnings,Net Income Common Stockholders,Income Statement
27,Diluted NI Availto Com Stockholders,,,,,,,Diluted NI Availto Com Stockholders,Income Statement
28,Basic EPS,,,,,,,Basic EPS,Income Statement
29,Diluted EPS,,,,,,,Diluted EPS,Income Statement
30,Basic Average Shares,,,,,,,Basic Average Shares,Income Statement
31,Diluted Average Shares,,,,,,,Diluted Average Shares,Income Statement
32,Total Operating Income As Reported,,,,,,,Total Operating Income As Reported,Income Statement
33,Total Expenses,,,,,,,Total Expenses,Income Statement
34,Net Income From Continuing And Discontinued Operation,,,,,,,Net Income From Continuing And Discontinued Operation,Income Statement
35,Normalized Income,,,,,,,Normalized Income,Income Statement
36,Interest Income,,,,,,,Interest Income,Income Statement
37,Interest Expense,,,,,,,Interest Expense,Income Statement
38,Net Interest Income,,,,,,,Net Interest Income,Income Statement
39,EBIT,,,,,,,EBIT,Income Statement
40,EBITDA,,,,,,,EBITDA,Income Statement
41,Reconciled Cost Of Revenue,,,,,,,Reconciled Cost Of Revenue,Income Statement
42,Reconciled Depreciation,,,,,,,Reconciled Depreciation,Income Statement
43,Net Income From Continuing Operation Net Minority Interest,,,,,,,Net Income From Continuing Operation Net Minority Interest,Income Statement
44,Total Unusual Items Excluding Goodwill,,,,,,,Total Unusual Items Excluding Goodwill,Income Statement
45,Total Unusual Items,,,,,,,Total Unusual Items,Income Statement
46,Normalized EBITDA,,,,,,,Normalized EBITDA,Income Statement
47,Tax Rate For Calcs,,,,,,,Tax Rate For Calcs,Income Statement
48,Tax Effect Of Unusual Items,,,,,,,Tax Effect Of Unusual Items,Income Statement
49,Amortization Of Intangibles Income Statement,,,,Amortization Of Intangibles Income Statement,Amortization,Depreciation And Amortization In Income Statement,Depreciation Amortization Depletion Income Statement,Income Statement
49,Depreciation Income Statement,,,,,Depreciation Income Statement,Depreciation And Amortization In Income Statement,Depreciation Amortization Depletion Income Statement,Income Statement
49,Depletion Income Statement,,,,,,Depletion Income Statement,Depreciation Amortization Depletion Income Statement,Income Statement
50,Earnings From Equity Interest Net Of Tax,,,,,,,Earnings From Equity Interest Net Of Tax,Income Statement
51,Rent Expense Supplemental,,,,,,,Rent Expense Supplemental,Income Statement
52,Net Income From Continuing Operations,,,,,Net Income From Continuing Operations,Cash Flow From Continuing Operating Activities,Operating Cash Flow,Cash Flow
52,Gain Loss On Sale Of Business,,,,Gain Loss On Sale Of Business,Operating Gains Losses,Cash Flow From Continuing Operating Activities,Operating Cash Flow,Cash Flow
52,Gain Loss On Investment Securities,,,,Gain Loss On Investment Securities,Operating Gains Losses,Cash Flow From Continuing Operating Activities,Operating Cash Flow,Cash Flow
52,Gain Loss On Sale Of PPE,,,,Gain Loss On Sale Of PPE,Operating Gains Losses,Cash Flow From Continuing Operating Activities,Operating Cash Flow,Cash Flow
52,Net Foreign Currency Exchange Gain Loss,,,,Net Foreign Currency Exchange Gain Loss,Operating Gains Losses,Cash Flow From Continuing Operating Activities,Operating Cash Flow,Cash Flow
52,Earnings Losses From Equity Investments,,,,Earnings Losses From Equity Investments,Operating Gains Losses,Cash Flow From Continuing Operating Activities,Operating Cash Flow,Cash Flow
52,Pension And Employee Benefit Expense,,,,Pension And Employee Benefit Expense,Operating Gains Losses,Cash Flow From Continuing Operating Activities,Operating Cash Flow,Cash Flow
52,Depreciation,,,Depreciation,Depreciation And Amortization,Depreciation Amortization Depletion,Cash Flow From Continuing Operating Activities,Operating Cash Flow,Cash Flow
52,Amortization Of Intangibles,,Amortization Of Intangibles,Amortization Cash Flow,Depreciation And Amortization,Depreciation Amortization Depletion,Cash Flow From Continuing Operating Activities,Operating Cash Flow,Cash Flow
52,Depletion,,,,Depletion,Depreciation Amortization Depletion,Cash Flow From Continuing Operating Activities,Operating Cash Flow,Cash Flow
52,Deferred Income Tax,,,,Deferred Income Tax,Deferred Tax,Cash Flow From Continuing Operating Activities,Operating Cash Flow,Cash Flow
52,Asset Impairment Charge,,,,,Asset Impairment Charge,Cash Flow From Continuing Operating Activities,Operating Cash Flow,Cash Flow
52,Provisionand Write Offof Assets,,,,,Provisionand Write Offof Assets,Cash Flow From Continuing Operating Activities,Operating Cash Flow,Cash Flow
52,Unrealized Gain Loss On Investment Securities,,,,,Unrealized Gain Loss On Investment Securities,Cash Flow From Continuing Operating Activities,Operating Cash Flow,Cash Flow
52,Stock Based Compensation,,,,,Stock Based Compensation,Cash Flow From Continuing Operating Activities,Operating Cash Flow,Cash Flow
52,Other Non Cash Items,,,,,Other Non Cash Items,Cash Flow From Continuing Operating Activities,Operating Cash Flow,Cash Flow
52,Amortization Of Securities,,,,,Amortization Of Securities,Cash Flow From Continuing Operating Activities,Operating Cash Flow,Cash Flow
52,Changes In Account Receivables,,,Changes In Account Receivables,Change In Receivables,Change In Working Capital,Cash Flow From Continuing Operating Activities,Operating Cash Flow,Cash Flow
52,Change In Inventory,,,,Change In Inventory,Change In Working Capital,Cash Flow From Continuing Operating Activities,Operating Cash Flow,Cash Flow
52,Change In Prepaid Assets,,,,Change In Prepaid Assets,Change In Working Capital,Cash Flow From Continuing Operating Activities,Operating Cash Flow,Cash Flow
52,Change In Account Payable,,Change In Account Payable,Change In Payable,Change In Payables And Accrued Expense,Change In Working Capital,Cash Flow From Continuing Operating Activities,Operating Cash Flow,Cash Flow
52,Change In Income Tax Payable,Change In Income Tax Payable,Change In Tax Payable,Change In Payable,Change In Payables And Accrued Expense,Change In Working Capital,Cash Flow From Continuing Operating Activities,Operating Cash Flow,Cash Flow
52,Change In Dividend Payable,,Change In Dividend Payable,Change In Payable,Change In Payables And Accrued Expense,Change In Working Capital,Cash Flow From Continuing Operating Activities,Operating Cash Flow,Cash Flow
52,Change In Interest Payable,,Change In Interest Payable,Change In Accrued Expense,Change In Payables And Accrued Expense,Change In Working Capital,Cash Flow From Continuing Operating Activities,Operating Cash Flow,Cash Flow
52,Change In Other Current Liabilities,,,,Change In Other Current Liabilities,Change In Working Capital,Cash Flow From Continuing Operating Activities,Operating Cash Flow,Cash Flow
52,Change In Other Working Capital,,,,Change In Other Working Capital,Change In Working Capital,Cash Flow From Continuing Operating Activities,Operating Cash Flow,Cash Flow
52,Change In Other Current Assets,,,,Change In Other Current Assets,Change In Working Capital,Cash Flow From Continuing Operating Activities,Operating Cash Flow,Cash Flow
52,Dividend Paid Cfo,,,,Dividend Paid Cfo,Change In Working Capital,Cash Flow From Continuing Operating Activities,Operating Cash Flow,Cash Flow
52,Interest Paid Cfo,,,,Interest Paid Cfo,Change In Working Capital,Cash Flow From Continuing Operating Activities,Operating Cash Flow,Cash Flow
52,Interest Received Cfo,,,,Interest Received Cfo,Change In Working Capital,Cash Flow From Continuing Operating Activities,Operating Cash Flow,Cash Flow
52,Taxes Refund Paid,,,,Taxes Refund Paid,Change In Working Capital,Cash Flow From Continuing Operating Activities,Operating Cash Flow,Cash Flow
52,Dividend Received Cfo,,,,,Dividend Received Cfo,Cash Flow From Continuing Operating Activities,Operating Cash Flow,Cash Flow
52,Cash From Discontinued Operating Activities,,,,,,Cash From Discontinued Operating Activities,Operating Cash Flow,Cash Flow
53,Capital Expenditure Reported,,,,,Capital Expenditure Reported,Cash Flow From Continuing Investing Activities,Investing Cash Flow,Cash Flow
53,Purchase Of PPE,,,,Purchase Of PPE,Net PPE Purchase And Sale,Cash Flow From Continuing Investing Activities,Investing Cash Flow,Cash Flow
53,Sale Of PPE,,,,Sale Of PPE,Net PPE Purchase And Sale,Cash Flow From Continuing Investing Activities,Investing Cash Flow,Cash Flow
53,Purchase Of Business,,,,Purchase Of Business,Net Business Purchase And Sale,Cash Flow From Continuing Investing Activities,Investing Cash Flow,Cash Flow
53,Sale Of Business,,,,Sale Of Business,Net Business Purchase And Sale,Cash Flow From Continuing Investing Activities,Investing Cash Flow,Cash Flow
53,Purchase Of Investment,,,,Purchase Of Investment,Net Investment Purchase And Sale,Cash Flow From Continuing Investing Activities,Investing Cash Flow,Cash Flow
53,Sale Of Investment,,,,Sale Of Investment,Net Investment Purchase And Sale,Cash Flow From Continuing Investing Activities,Investing Cash Flow,Cash Flow
53,Sale Of Investment Properties,,,,Sale Of Investment Properties,Net Investment Properties Purchase And Sale,Cash Flow From Continuing Investing Activities,Investing Cash Flow,Cash Flow
53,Purchase Of Investment Properties,,,,Purchase Of Investment Properties,Net Investment Properties Purchase And Sale,Cash Flow From Continuing Investing Activities,Investing Cash Flow,Cash Flow
53,Sale Of Intangibles,,,,Sale Of Intangibles,Net Intangibles Purchase And Sale,Cash Flow From Continuing Investing Activities,Investing Cash Flow,Cash Flow
53,Purchase Of Intangibles,,,,Purchase Of Intangibles,Net Intangibles Purchase And Sale,Cash Flow From Continuing Investing Activities,Investing Cash Flow,Cash Flow
53,Dividends Received Cfi,,,,,Dividends Received Cfi,Cash Flow From Continuing Investing Activities,Investing Cash Flow,Cash Flow
53,Interest Received Cfi,,,,,Interest Received Cfi,Cash Flow From Continuing Investing Activities,Investing Cash Flow,Cash Flow
53,Cash From Discontinued Investing Activities,,,,,,Cash From Discontinued Investing Activities,Investing Cash Flow,Cash Flow
54,Long Term Debt Issuance,,,Long Term Debt Issuance,Net Long Term Debt Issuance,Net Issuance Payments Of Debt,Cash Flow From Continuing Financing Activities,Financing Cash Flow,Cash Flow
54,Long Term Debt Payments,,,Long Term Debt Payments,Net Long Term Debt Issuance,Net Issuance Payments Of Debt,Cash Flow From Continuing Financing Activities,Financing Cash Flow,Cash Flow
54,Short Term Debt Issuance,,,Short Term Debt Issuance,Net Short Term Debt Issuance,Net Issuance Payments Of Debt,Cash Flow From Continuing Financing Activities,Financing Cash Flow,Cash Flow
54,Short Term Debt Payments,,,Short Term Debt Payments,Net Short Term Debt Issuance,Net Issuance Payments Of Debt,Cash Flow From Continuing Financing Activities,Financing Cash Flow,Cash Flow
54,Common Stock Payments,,,,Common Stock Payments,Net Common Stock Issuance,Cash Flow From Continuing Financing Activities,Financing Cash Flow,Cash Flow
54,Common Stock Issuance,,,,Common Stock Issuance,Net Common Stock Issuance,Cash Flow From Continuing Financing Activities,Financing Cash Flow,Cash Flow
54,Preferred Stock Payments,,,,Preferred Stock Payments,Net Preferred Stock Issuance,Cash Flow From Continuing Financing Activities,Financing Cash Flow,Cash Flow
54,Preferred Stock Issuance,,,,Preferred Stock Issuance,Net Preferred Stock Issuance,Cash Flow From Continuing Financing Activities,Financing Cash Flow,Cash Flow
54,Common Stock Dividend Paid,,,,Common Stock Dividend Paid,Cash Dividends Paid,Cash Flow From Continuing Financing Activities,Financing Cash Flow,Cash Flow
54,Preferred Stock Dividend Paid,,,,Preferred Stock Dividend Paid,Cash Dividends Paid,Cash Flow From Continuing Financing Activities,Financing Cash Flow,Cash Flow
54,Proceeds From Stock Option Exercised,,,,,Proceeds From Stock Option Exercised,Cash Flow From Continuing Financing Activities,Financing Cash Flow,Cash Flow
54,Net Other Financing Charges,,,,,Net Other Financing Charges,Cash Flow From Continuing Financing Activities,Financing Cash Flow,Cash Flow
54,Net Other Investing Changes,,,,,Net Other Investing Changes,Cash Flow From Continuing Financing Activities,Financing Cash Flow,Cash Flow
54,Interest Paid Cff,,,,,Interest Paid Cff,Cash Flow From Continuing Financing Activities,Financing Cash Flow,Cash Flow
54,Cash From Discontinued Financing Activities,,,,,,Cash From Discontinued Financing Activities,Financing Cash Flow,Cash Flow
55,Other Cash Paymentsfrom Operating Activities,,,,,Other Cash Paymentsfrom Operating Activities,Classesof Cash Payments,Cash Flowsfromusedin Operating Activities Direct,Cash Flow
55,Other Cash Receiptsfrom Operating Activities,,,,,Other Cash Receiptsfrom Operating Activities,Classesof Cash Receiptsfrom Operating Activities,Cash Flowsfromusedin Operating Activities Direct,Cash Flow
55,Dividends Received Direct,,,,,,Dividends Received Direct,Cash Flowsfromusedin Operating Activities Direct,Cash Flow
55,Interest Received Direct,,,,,,Interest Received Direct,Cash Flowsfromusedin Operating Activities Direct,Cash Flow
55,Taxes Refund Paid Direct,,,,,,Taxes Refund Paid Direct,Cash Flowsfromusedin Operating Activities Direct,Cash Flow
56,Cash Flow From Discontinued Operation,,,,,,,Cash Flow From Discontinued Operation,Cash Flow
57,Other Cash Adjustment Inside Changein Cash,,,,,,,Other Cash Adjustment Inside Changein Cash,Cash Flow
58,Changes In Cash,,,,,,Changes In Cash,End Cash Position,Cash Flow
58,Beginning Cash Position,,,,,,Beginning Cash Position,End Cash Position,Cash Flow
58,Effect Of Exchange Rate Changes,,,,,,Effect Of Exchange Rate Changes,End Cash Position,Cash Flow
58,Other Cash Adjustment Outside Changein Cash,,,,,,Other Cash Adjustment Outside Changein Cash,End Cash Position,Cash Flow
59,Income Tax Paid Supplemental Data,,,,,,,Income Tax Paid Supplemental Data,Cash Flow
60,Interest Paid Supplemental Data,,,,,,,Interest Paid Supplemental Data,Cash Flow
61,Capital Expenditure,,,,,,,Capital Expenditure,Cash Flow
62,Issuance Of Capital Stock,,,,,,,Issuance Of Capital Stock,Cash Flow
63,Issuance Of Debt,,,,,,,Issuance Of Debt,Cash Flow
64,Repayment Of Debt,,,,,,,Repayment Of Debt,Cash Flow
65,Repurchase Of Capital Stock,,,,,,,Repurchase Of Capital Stock,Cash Flow
66,Free Cash Flow,,,,,,,Free Cash Flow,Cash Flow
