﻿short_code,comp_url
RUN,https://uploaddeimagens.com.br/images/004/816/470/original/RUN-274.png
ABT,https://uploaddeimagens.com.br/images/004/815/842/original/ABT-01.png
PDD,https://uploaddeimagens.com.br/images/004/816/429/original/PDD-234.png
ABM,https://uploaddeimagens.com.br/images/004/815/844/original/ABM-03.png
AFL,https://uploaddeimagens.com.br/images/004/815/849/original/AFL-08.png
ABNB,https://uploaddeimagens.com.br/images/004/815/851/original/ABNB-10.png
PATH,https://uploaddeimagens.com.br/images/004/816/500/original/PATH-302.png
GO,https://uploaddeimagens.com.br/images/004/816/071/original/GO-148.png
GRAB,https://uploaddeimagens.com.br/images/004/816/070/original/GRAB-147.png
ALIT,https://uploaddeimagens.com.br/images/004/815/854/original/ALIT-13.png
ALTR,https://uploaddeimagens.com.br/images/004/815/857/original/ALTR-16.png
DBX,https://uploaddeimagens.com.br/images/004/816/032/original/DBX-109.png
DJT,
AMN,https://uploaddeimagens.com.br/images/004/815/868/original/AMN-23.png
AU,https://uploaddeimagens.com.br/images/004/815/869/original/AU-24.png
GTES,https://uploaddeimagens.com.br/images/004/816/059/original/GTES-136.png
AMAT,https://uploaddeimagens.com.br/images/004/815/872/original/AMAT-27.png
ALTM,https://uploaddeimagens.com.br/images/004/815/874/original/ALTM-29.png
HIMS,https://uploaddeimagens.com.br/images/004/816/079/original/HIMS-156.png
ARM,https://uploaddeimagens.com.br/images/004/815/875/original/ARM-30.png
ASAN,https://uploaddeimagens.com.br/images/004/815/876/original/ASAN-31.png
ASTS,https://uploaddeimagens.com.br/images/004/815/877/original/ASTS-32.png
AUR,https://uploaddeimagens.com.br/images/004/815/879/original/AUR-34.png
BKR,https://uploaddeimagens.com.br/images/004/815/882/original/BKR-37.png
BILI,https://uploaddeimagens.com.br/images/004/815/890/original/BILI-45.png
BE,https://uploaddeimagens.com.br/images/004/815/892/original/BE-47.png
OWL,https://uploaddeimagens.com.br/images/004/815/893/original/OWL-48.png
UBER,https://uploaddeimagens.com.br/images/004/816/499/original/UBER-301.png
BA,https://uploaddeimagens.com.br/images/004/815/894/original/BA-49.png
AVGO,https://uploaddeimagens.com.br/images/004/815/899/original/AVGO-54.png
CPB,https://uploaddeimagens.com.br/images/004/815/902/original/CPB-57.png
COIN,https://uploaddeimagens.com.br/images/004/815/925/original/COIN_BIG-80.png
CCCS,https://uploaddeimagens.com.br/images/004/815/905/original/CCCS-60.png
GERN,https://uploaddeimagens.com.br/images/004/816/065/original/GERN-142.png
COR,https://uploaddeimagens.com.br/images/004/815/907/original/COR-62.png
CF,https://uploaddeimagens.com.br/images/004/815/910/original/CF-65.png
CHX,https://uploaddeimagens.com.br/images/004/815/911/original/CHX-66.png
TOST,https://uploaddeimagens.com.br/images/004/816/491/original/TOST-295.png
SCHW,https://uploaddeimagens.com.br/images/004/815/912/original/SCHW-67.png
CHWY,https://uploaddeimagens.com.br/images/004/815/914/original/CHWY-69.png
CIEN,https://uploaddeimagens.com.br/images/004/815/915/original/CIEN-70.png
CLVT,https://uploaddeimagens.com.br/images/004/815/918/original/CLVT-73.png
CLSK,https://uploaddeimagens.com.br/images/004/815/919/original/CLSK-74.png
CME,https://uploaddeimagens.com.br/images/004/815/921/original/CME-76.png
SMMT,https://uploaddeimagens.com.br/images/004/816/469/original/SMMT_BIG-273.png
ZM,https://uploaddeimagens.com.br/images/004/816/544/original/ZM-341.png
SHOP,https://uploaddeimagens.com.br/images/004/816/452/original/SHOP-257.png
CAG,https://uploaddeimagens.com.br/images/004/815/930/original/CAG-85.png
CFLT,https://uploaddeimagens.com.br/images/004/815/931/original/CFLT-86.png
CEG,https://uploaddeimagens.com.br/images/004/815/933/original/CEG-88.png
CPNG,https://uploaddeimagens.com.br/images/004/815/938/original/CPNG_BIG-93.png
CRWD,https://uploaddeimagens.com.br/images/004/815/941/original/CRH-96.png
CTRA,https://uploaddeimagens.com.br/images/004/815/936/original/CTRA-91.png
SOLV,https://uploaddeimagens.com.br/images/004/816/458/original/SOLV-263.png
CRGY,https://uploaddeimagens.com.br/images/004/815/939/original/CPG-94.png
DVA,https://uploaddeimagens.com.br/images/004/815/945/original/DVA_BIG-100.png
DNLI,https://uploaddeimagens.com.br/images/004/816/021/original/DNLI-102.png
XRAY,https://uploaddeimagens.com.br/images/004/816/024/original/XRAY-103.png
DXCM,https://uploaddeimagens.com.br/images/004/816/028/original/DXCM-105.png
DLTR,https://uploaddeimagens.com.br/images/004/816/029/original/DLTR-106.png
TSLA,https://uploaddeimagens.com.br/images/004/816/481/original/TSLA_BIG-285.png
PLTR,https://uploaddeimagens.com.br/images/004/816/424/original/PLTR-229.png
DKNG,https://uploaddeimagens.com.br/images/004/816/031/original/DKNG-108.png
WBD,
MARA,
DNB,https://uploaddeimagens.com.br/images/004/816/033/original/DNB-110.png
EDR,https://uploaddeimagens.com.br/images/004/816/036/original/EDR-113.png
EQT,https://uploaddeimagens.com.br/images/004/816/039/original/EQT-116.png
EQH,https://uploaddeimagens.com.br/images/004/816/040/original/EQH-117.png
NU,https://uploaddeimagens.com.br/images/004/816/416/original/NU-222.png
GDDY,https://uploaddeimagens.com.br/images/004/816/068/original/GDDY-145.png
EXPD,https://uploaddeimagens.com.br/images/004/816/047/original/EXPD-124.png
FITB,https://uploaddeimagens.com.br/images/004/816/050/original/FITB-127.png
FE,https://uploaddeimagens.com.br/images/004/816/051/original/FE-128.png
SOFI,https://uploaddeimagens.com.br/images/004/816/457/original/SOFI-262.png
FLEX,https://uploaddeimagens.com.br/images/004/816/052/original/FLEX-129.png
SNAP,https://uploaddeimagens.com.br/images/004/816/455/original/SNAP-260.png
RIVN,https://uploaddeimagens.com.br/images/004/816/444/original/RIVN-249.png
FBIN,https://uploaddeimagens.com.br/images/004/816/055/original/FBIN-132.png
GGB,https://uploaddeimagens.com.br/images/004/816/064/original/GGB-141.png
GTLB,https://uploaddeimagens.com.br/images/004/816/067/original/GTLB-144.png
HPQ,https://uploaddeimagens.com.br/images/004/816/081/original/HPQ-158.png
NIO,https://uploaddeimagens.com.br/images/004/816/413/original/NIO-219.png
ROIV,https://uploaddeimagens.com.br/images/004/816/447/original/ROIV-252.png
ZI,https://uploaddeimagens.com.br/images/004/816/545/original/ZI-342.png
IBRX,https://uploaddeimagens.com.br/images/004/816/085/original/IBRX-162.png
LYFT,https://uploaddeimagens.com.br/images/004/816/114/original/LYFT-189.png
RKLB,https://uploaddeimagens.com.br/images/004/816/446/original/RKLB-251.png
INVH,https://uploaddeimagens.com.br/images/004/816/089/original/INVH-166.png
IOVA,https://uploaddeimagens.com.br/images/004/816/090/original/IOVA-167.png
IQ,https://uploaddeimagens.com.br/images/004/816/091/original/IQ-168.png
JOBY,https://uploaddeimagens.com.br/images/004/816/095/original/JOBY-171.png
HOOD,https://uploaddeimagens.com.br/images/004/816/445/original/HOOD-250.png
JNJ,https://uploaddeimagens.com.br/images/004/816/097/original/JNJ-172.png
NXT,https://uploaddeimagens.com.br/images/004/816/411/original/NXT-217.png
PYPL,https://uploaddeimagens.com.br/images/004/816/428/original/PYPL-233.png
KSS,https://uploaddeimagens.com.br/images/004/816/108/original/KSS-183.png
LCID,https://uploaddeimagens.com.br/images/004/816/113/original/LCID_BIG-188.png
CART,https://uploaddeimagens.com.br/images/004/816/116/original/CART-190.png
SRPT,https://uploaddeimagens.com.br/images/004/816/450/original/SRPT-255.png
MQ,https://uploaddeimagens.com.br/images/004/816/119/original/MQ-193.png
MCD,https://uploaddeimagens.com.br/images/004/816/123/original/2702.T-196.png
MDT,https://uploaddeimagens.com.br/images/004/816/125/original/MDT-198.png
XPEV,https://uploaddeimagens.com.br/images/004/816/543/original/XPEV-340.png
MBLY,https://uploaddeimagens.com.br/images/004/816/398/original/MBLY-204.png
TWLO,https://uploaddeimagens.com.br/images/004/816/497/original/TWLO_BIG-299.png
MS,https://uploaddeimagens.com.br/images/004/816/402/original/MS-208.png
MOS,https://uploaddeimagens.com.br/images/004/816/403/original/MOS_BIG-209.png
NWS,https://uploaddeimagens.com.br/images/004/816/408/original/NWS_BIG-214.png
VKTX,https://uploaddeimagens.com.br/images/004/816/516/original/VKTX-315.png
UAA,https://uploaddeimagens.com.br/images/004/816/501/original/UA_BIG-303.png
STNE,https://uploaddeimagens.com.br/images/004/816/468/original/STNE_BIG-272.png
PR,https://uploaddeimagens.com.br/images/004/816/433/original/PR-238.png
PM,https://uploaddeimagens.com.br/images/004/816/436/original/TABAK.PR-241.png
QS,https://uploaddeimagens.com.br/images/004/816/439/original/QS-244.png
RF,https://uploaddeimagens.com.br/images/004/816/442/original/RF-247.png
SNOW,https://uploaddeimagens.com.br/images/004/816/456/original/SNOW-261.png
WDC,https://uploaddeimagens.com.br/images/004/816/532/original/WDC-329.png
IOT,https://uploaddeimagens.com.br/images/004/816/449/original/IOT-254.png
XEL,https://uploaddeimagens.com.br/images/004/816/541/original/XEL-338.png
LUV,https://uploaddeimagens.com.br/images/004/816/460/original/LUV-265.png
V,https://uploaddeimagens.com.br/images/004/816/520/original/V-318.png
TER,https://uploaddeimagens.com.br/images/004/816/480/original/TER-284.png
STM,https://uploaddeimagens.com.br/images/004/816/466/original/STM-271.png
AZEK,https://uploaddeimagens.com.br/images/004/816/487/original/AZEK-290.png
TAL,https://uploaddeimagens.com.br/images/004/816/474/original/TAL-278.png
TPR,https://uploaddeimagens.com.br/images/004/816/476/original/TPR-280.png
WERN,https://uploaddeimagens.com.br/images/004/816/531/original/WERN-328.png
FTI,https://uploaddeimagens.com.br/images/004/816/477/original/FTI-281.png
TME,https://uploaddeimagens.com.br/images/004/816/479/original/TME-283.png
U,https://uploaddeimagens.com.br/images/004/816/504/original/U_BIG-306.png
XP,https://uploaddeimagens.com.br/images/004/816/542/original/XP-339.png
WES,https://uploaddeimagens.com.br/images/004/816/533/original/WES-330.png
VICI,https://uploaddeimagens.com.br/images/004/816/515/original/VICI-314.png
VST,https://uploaddeimagens.com.br/images/004/816/521/original/VST_BIG-319.png
VOD,https://uploaddeimagens.com.br/images/004/816/523/original/VOD-320.png
WYNN,https://uploaddeimagens.com.br/images/004/816/540/original/WYNN_BIG-337.png
PSLV,https://uploaddeimagens.com.br/images/004/816/463/original/SII-268.png
ETRN,
ADBE,https://uploaddeimagens.com.br/images/004/815/846/original/ADBE-05.png
ALB,https://uploaddeimagens.com.br/images/004/815/852/original/ALB-11.png
AVTR,https://uploaddeimagens.com.br/images/004/815/880/original/AVTR-35.png
AR,https://uploaddeimagens.com.br/images/004/815/870/original/AR-25.png
BX,https://uploaddeimagens.com.br/images/004/815/891/original/BX.D-46.png
BP,https://uploaddeimagens.com.br/images/004/815/896/original/BP-51.png
UEC,https://uploaddeimagens.com.br/images/004/816/505/original/UEC-307.png
CVE,https://uploaddeimagens.com.br/images/004/815/908/original/CVE-63.png
ONON,https://uploaddeimagens.com.br/images/004/816/420/original/ONHO-225.jpg
NCLH,
EXEL,https://uploaddeimagens.com.br/images/004/816/045/original/EXEL-122.png
FTNT,https://uploaddeimagens.com.br/images/004/816/054/original/FTNT-131.png
HL,https://uploaddeimagens.com.br/images/004/816/076/original/HL-153.png
IVZ,https://uploaddeimagens.com.br/images/004/816/088/original/IVZ-165.png
TALO,https://uploaddeimagens.com.br/images/004/816/475/original/TALO-279.png
MRNA,https://uploaddeimagens.com.br/images/004/816/399/original/MRNA-205.png
NXE,https://uploaddeimagens.com.br/images/004/816/409/original/NXE_BIG-215.png
PANW,https://uploaddeimagens.com.br/images/004/816/425/original/PANW-230.png
RXRX,https://uploaddeimagens.com.br/images/004/816/441/original/RXRX-246.png
VIPS,https://uploaddeimagens.com.br/images/004/816/517/original/VIPS-316.png
SON,https://uploaddeimagens.com.br/images/004/816/459/original/SON_BIG-264.png
UMC,https://uploaddeimagens.com.br/images/004/816/503/original/UMC-305.png
TGTX,https://uploaddeimagens.com.br/images/004/816/485/original/TGTX-288.png
WDAY,https://uploaddeimagens.com.br/images/004/816/539/original/WDAY_BIG-336.png
AMD,https://uploaddeimagens.com.br/images/004/815/848/original/AMD-07.png
ALKS,https://uploaddeimagens.com.br/images/004/815/855/original/ALKS-14.png
AMZN,https://uploaddeimagens.com.br/images/004/815/859/original/AMZN-18.png
EXAS,https://uploaddeimagens.com.br/images/004/816/044/original/EXAS-121.png
BSX,https://uploaddeimagens.com.br/images/004/815/895/original/BSX-50.png
ON,https://uploaddeimagens.com.br/images/004/816/421/original/ON_BIG-226.png
CSGP,https://uploaddeimagens.com.br/images/004/815/935/original/CSGP-90.png
NVAX,https://uploaddeimagens.com.br/images/004/816/415/original/NVAX_BIG-221.png
SKX,https://uploaddeimagens.com.br/images/004/816/454/original/SKX-259.png
SMCI,https://uploaddeimagens.com.br/images/004/816/471/original/SUPER-275.png
ACN,https://uploaddeimagens.com.br/images/004/815/845/original/ACN-04.png
VRT,https://uploaddeimagens.com.br/images/004/816/512/original/VRT-312.png
AGNC,https://uploaddeimagens.com.br/images/004/815/850/original/AGNC-09.png
BABA,https://uploaddeimagens.com.br/images/004/815/853/original/BABA-12.png
JNPR,https://uploaddeimagens.com.br/images/004/816/100/original/JNPR_BIG-175.png
HST,https://uploaddeimagens.com.br/images/004/816/080/original/HST_BIG-157.png
DOW,https://uploaddeimagens.com.br/images/004/816/030/original/DOW-107.png
BTI,https://uploaddeimagens.com.br/images/004/815/898/original/BTI-53.png
BTG,https://uploaddeimagens.com.br/images/004/815/881/original/BTG-36.png
INFY,https://uploaddeimagens.com.br/images/004/816/086/original/INFY_BIG-163.png
BTE,https://uploaddeimagens.com.br/images/004/815/888/original/BTE-43.png
CRM,https://uploaddeimagens.com.br/images/004/816/448/original/CRM-253.png
BN,https://uploaddeimagens.com.br/images/004/815/900/original/BN-55.png
SBSW,https://uploaddeimagens.com.br/images/004/815/944/original/SBSW-99.png
HMY,https://uploaddeimagens.com.br/images/004/816/073/original/HMY_BIG-150.png
CSCO,https://uploaddeimagens.com.br/images/004/815/916/original/CSCO-71.png
CVS,https://uploaddeimagens.com.br/images/004/815/943/original/CVS-98.png
IBN,https://uploaddeimagens.com.br/images/004/816/084/original/IBN-161.png
GFI,https://uploaddeimagens.com.br/images/004/816/069/original/GFI-146.png
CRK,https://uploaddeimagens.com.br/images/004/815/929/original/CRK-84.png
EOG,https://uploaddeimagens.com.br/images/004/816/038/original/EOG-115.png
TEVA,
KIM,https://uploaddeimagens.com.br/images/004/816/104/original/KIM-179.png
MU,https://uploaddeimagens.com.br/images/004/816/396/original/MU-202.png
ET,https://uploaddeimagens.com.br/images/004/816/037/original/ET-114.png
GILD,https://uploaddeimagens.com.br/images/004/816/066/original/GILD-143.png
HR,https://uploaddeimagens.com.br/images/004/816/074/original/HR-151.png
DOC,https://uploaddeimagens.com.br/images/004/816/075/original/PEAK-152.png
WELL,https://uploaddeimagens.com.br/images/004/816/530/original/WELL-327.png
TSM,https://uploaddeimagens.com.br/images/004/816/473/original/TSM-277.png
KOS,https://uploaddeimagens.com.br/images/004/816/109/original/KOS_BIG-184.png
MPW,https://uploaddeimagens.com.br/images/004/816/124/original/MPW-197.png
NEM,https://uploaddeimagens.com.br/images/004/816/407/original/NEM-213.png
WIT,https://uploaddeimagens.com.br/images/004/816/537/original/WIT_BIG-334.png
STEP,https://uploaddeimagens.com.br/images/004/816/465/original/STEP-270.png
WDS,https://uploaddeimagens.com.br/images/004/816/538/original/WDS_BIG-335.png
SPR,https://uploaddeimagens.com.br/images/004/816/462/original/SPR_BIG-267.png
RRC,https://uploaddeimagens.com.br/images/004/816/440/original/RRC-245.png
SIRI,
FNMA,
ABBV,https://uploaddeimagens.com.br/images/004/815/843/original/ABBV-02.png
BK,https://uploaddeimagens.com.br/images/004/816/488/original/BK_BIG-291.png
MNST,https://uploaddeimagens.com.br/images/004/816/401/original/MNST_BIG-207.png
BMY,https://uploaddeimagens.com.br/images/004/815/897/original/BMY-52.png
ADT,https://uploaddeimagens.com.br/images/004/815/847/original/ADT-06.png
RIG,https://uploaddeimagens.com.br/images/004/816/494/original/RIG-296.png
CNH,https://uploaddeimagens.com.br/images/004/815/922/original/CNHI-77.png
PCG,https://uploaddeimagens.com.br/images/004/816/423/original/PCG-228.png
C,https://uploaddeimagens.com.br/images/004/815/917/original/C-72.png
VFC,https://uploaddeimagens.com.br/images/004/816/506/original/VFC-308.png
GOOGL,https://uploaddeimagens.com.br/images/004/815/856/original/GOOG-15.png
GOOG,https://uploaddeimagens.com.br/images/004/815/856/original/GOOG-15.png
MDLZ,https://uploaddeimagens.com.br/images/004/816/400/original/MDLZ-206.png
MO,https://uploaddeimagens.com.br/images/004/815/858/original/MO-17.png
VIRT,https://uploaddeimagens.com.br/images/004/816/518/original/VIRT-317.png
ABEV,https://uploaddeimagens.com.br/images/004/815/860/original/ABEV-19.png
AMCR,https://uploaddeimagens.com.br/images/004/815/861/original/AMCR-20.png
TMUS,https://uploaddeimagens.com.br/images/004/816/493/original/TMUS-294.png
AAL,https://uploaddeimagens.com.br/images/004/815/865/original/AAL-21.png
WU,https://uploaddeimagens.com.br/images/004/816/534/original/WU-331.png
AEO,https://uploaddeimagens.com.br/images/004/815/866/original/AEO-22.png
GNW,https://uploaddeimagens.com.br/images/004/816/063/original/GNW-140.png
CRH,https://uploaddeimagens.com.br/images/004/815/940/original/CRWD-95.png
BBD,https://uploaddeimagens.com.br/images/004/815/883/original/BBD-38.png
AAPL,https://uploaddeimagens.com.br/images/004/815/871/original/AAPL-26.png
TXN,https://uploaddeimagens.com.br/images/004/816/482/original/TXN-287.png
APTV,https://uploaddeimagens.com.br/images/004/815/873/original/APTV-28.png
BCS,https://uploaddeimagens.com.br/images/004/815/885/original/BCS-40.png
EBAY,https://uploaddeimagens.com.br/images/004/816/035/original/EBAY-112.png
T,https://uploaddeimagens.com.br/images/004/815/878/original/T-33.png
JD,https://uploaddeimagens.com.br/images/004/816/094/original/JD-170.jpg
CSX,https://uploaddeimagens.com.br/images/004/815/942/original/CSX-97.png
NKE,https://uploaddeimagens.com.br/images/004/816/412/original/NKE-218.png
BAC,https://uploaddeimagens.com.br/images/004/815/884/original/BAC-39.png
UAL,https://uploaddeimagens.com.br/images/004/816/502/original/UAL-304.png
GOLD,https://uploaddeimagens.com.br/images/004/815/886/original/GOLD-41.png
BAX,https://uploaddeimagens.com.br/images/004/815/887/original/BAX-42.png
HAL,https://uploaddeimagens.com.br/images/004/816/072/original/HAL-149.png
TGNA,https://uploaddeimagens.com.br/images/004/816/478/original/TGNA_BIG-282.png
BERY,https://uploaddeimagens.com.br/images/004/815/889/original/BERY-44.png
TDW,https://uploaddeimagens.com.br/images/004/816/490/original/TDW-293.png
PEP,https://uploaddeimagens.com.br/images/004/816/432/original/PEP-237.png
OXY,https://uploaddeimagens.com.br/images/004/816/419/original/OXY-224.png
TFC,https://uploaddeimagens.com.br/images/004/816/495/original/TFC-297.png
BF-B,https://uploaddeimagens.com.br/images/004/815/901/original/BF-A-56.png
KEY,https://uploaddeimagens.com.br/images/004/816/103/original/KEY-178.png
MAT,https://uploaddeimagens.com.br/images/004/816/122/original/MAT-195.png
CCL,https://uploaddeimagens.com.br/images/004/815/903/original/CCL-58.png
USB,https://uploaddeimagens.com.br/images/004/816/498/original/USB-300.png
CARR,https://uploaddeimagens.com.br/images/004/815/904/original/CARR_BIG-59.png
CX,https://uploaddeimagens.com.br/images/004/815/906/original/CX-61.png
CNP,https://uploaddeimagens.com.br/images/004/815/909/original/CNP-64.png
ORCL,https://uploaddeimagens.com.br/images/004/816/422/original/ORCL_BIG-227.png
CVX,https://uploaddeimagens.com.br/images/004/815/913/original/CVX-68.png
SYY,https://uploaddeimagens.com.br/images/004/816/472/original/SYY-276.png
DIS,https://uploaddeimagens.com.br/images/004/816/526/original/DIS-323.png
MRO,https://uploaddeimagens.com.br/images/004/816/118/original/MRO-192.png
CLF,https://uploaddeimagens.com.br/images/004/815/920/original/CLF-75.png
NYCB,https://uploaddeimagens.com.br/images/004/816/405/original/NYCB-211.png
KO,https://uploaddeimagens.com.br/images/004/815/923/original/KO-78.png
CDE,https://uploaddeimagens.com.br/images/004/815/924/original/CDE-79.png
CL,https://uploaddeimagens.com.br/images/004/815/926/original/CL-81.png
CMCSA,https://uploaddeimagens.com.br/images/004/815/927/original/CMCSA-82.png
CMA,https://uploaddeimagens.com.br/images/004/815/928/original/CMA-83.png
MCHP,https://uploaddeimagens.com.br/images/004/816/395/original/MCHP-201.png
PG,https://uploaddeimagens.com.br/images/004/816/437/original/PG-242.png
ERIC,https://uploaddeimagens.com.br/images/004/816/042/original/ERIC-119.png
COP,https://uploaddeimagens.com.br/images/004/815/932/original/COP-87.png
GLW,https://uploaddeimagens.com.br/images/004/815/934/original/GLW_BIG-89.png
COTY,https://uploaddeimagens.com.br/images/004/815/937/original/COTY-92.png
AES,https://uploaddeimagens.com.br/images/004/816/486/original/AES-289.png
LVS,https://uploaddeimagens.com.br/images/004/816/111/original/LVS-186.png
NVDA,https://uploaddeimagens.com.br/images/004/816/418/original/NVDA-223.png
DELL,https://uploaddeimagens.com.br/images/004/816/019/original/DELL-101.png
DVN,https://uploaddeimagens.com.br/images/004/816/027/original/DVN-104.png
DD,https://uploaddeimagens.com.br/images/004/816/034/original/DD-111.png
INTC,https://uploaddeimagens.com.br/images/004/816/087/original/INTC-164.png
SWN,https://uploaddeimagens.com.br/images/004/816/461/original/SWN-266.png
F,https://uploaddeimagens.com.br/images/004/816/053/original/F-130.png
EPRT,https://uploaddeimagens.com.br/images/004/816/043/original/EPRT-120.png
EXC,https://uploaddeimagens.com.br/images/004/816/046/original/EXC-123.png
RIOT,https://uploaddeimagens.com.br/images/004/816/443/original/RIOT-248.png
XOM,https://uploaddeimagens.com.br/images/004/816/048/original/XOM-125.png
KMI,https://uploaddeimagens.com.br/images/004/816/105/original/KMI-180.png
NWG,https://uploaddeimagens.com.br/images/004/816/404/original/NWG-210.png
ITUB,https://uploaddeimagens.com.br/images/004/816/092/original/ITUB-169.png
PFE,https://uploaddeimagens.com.br/images/004/816/435/original/PFE-240.png
BEN,https://uploaddeimagens.com.br/images/004/816/056/original/BEN-133.png
FCX,https://uploaddeimagens.com.br/images/004/816/057/original/FCX-134.png
GME,https://uploaddeimagens.com.br/images/004/816/058/original/GME-135.png
PTEN,https://uploaddeimagens.com.br/images/004/816/427/original/PTEN-232.png
GEN,https://uploaddeimagens.com.br/images/004/816/060/original/GEN-137.png
SLB,https://uploaddeimagens.com.br/images/004/816/451/original/SLB-256.png
GIS,https://uploaddeimagens.com.br/images/004/816/061/original/GIS-138.png
VTRS,https://uploaddeimagens.com.br/images/004/816/513/original/VTRS-313.png
GM,https://uploaddeimagens.com.br/images/004/816/062/original/GM-139.png
HBAN,https://uploaddeimagens.com.br/images/004/816/082/original/HBAN-159.png
KVUE,https://uploaddeimagens.com.br/images/004/816/101/original/KVUE-176.png
HPE,https://uploaddeimagens.com.br/images/004/816/077/original/HPE_BIG-154.png
PENN,https://uploaddeimagens.com.br/images/004/816/431/original/PENN-236.png
SBUX,https://uploaddeimagens.com.br/images/004/816/464/original/SBUX_BIG-269.png
VALE,https://uploaddeimagens.com.br/images/004/816/507/original/VALE_BIG-309.png
WFC,https://uploaddeimagens.com.br/images/004/816/529/original/WFC-326.png
QCOM,https://uploaddeimagens.com.br/images/004/816/438/original/QCOM-243.png
MSFT,https://uploaddeimagens.com.br/images/004/816/397/original/MSFT-203.png
DINO,https://uploaddeimagens.com.br/images/004/816/078/original/DINO-155.png
PARA,https://uploaddeimagens.com.br/images/004/816/426/original/PARA-231.png
IAG,https://uploaddeimagens.com.br/images/004/816/083/original/IAG-160.png
KR,https://uploaddeimagens.com.br/images/004/816/110/original/KR-185.png
WMG,https://uploaddeimagens.com.br/images/004/816/528/original/WMG-325.png
WBA,https://uploaddeimagens.com.br/images/004/816/524/original/WBA-321.png
JPM,https://uploaddeimagens.com.br/images/004/816/099/original/JPM-174.png
KHC,https://uploaddeimagens.com.br/images/004/816/489/original/KHC-292.png
META,https://uploaddeimagens.com.br/images/004/816/127/original/META-200.png
VZ,https://uploaddeimagens.com.br/images/004/816/511/original/VZ-311.png
KDP,https://uploaddeimagens.com.br/images/004/816/102/original/KDP-177.png
KGC,https://uploaddeimagens.com.br/images/004/816/106/original/KGC-181.png
KKR,https://uploaddeimagens.com.br/images/004/816/107/original/KKR-182.png
WMT,https://uploaddeimagens.com.br/images/004/816/525/original/WMT_BIG-322.png
NWL,https://uploaddeimagens.com.br/images/004/816/406/original/NWL_BIG-212.png
LYG,https://uploaddeimagens.com.br/images/004/816/112/original/LYG_BIG-187.png
VLY,https://uploaddeimagens.com.br/images/004/816/510/original/VLY-310.png
NEE,https://uploaddeimagens.com.br/images/004/816/410/original/NEE-216.png
MRVL,https://uploaddeimagens.com.br/images/004/816/120/original/MRVL-194.png
PBR,https://uploaddeimagens.com.br/images/004/816/434/original/PBR-239.png
MRK,https://uploaddeimagens.com.br/images/004/816/126/original/MRK-199.png
JCI,
WY,https://uploaddeimagens.com.br/images/004/816/535/original/WY-332.png
BTU,https://uploaddeimagens.com.br/images/004/816/430/original/BTU-235.png
WMB,https://uploaddeimagens.com.br/images/004/816/536/original/WMB_BIG-333.png
