
{
  "pipelines": [
    {
      "notebookId": "9101e539-0dc5-41a3-87c0-0d2d53dbec00",
      "pipelineId": "84a96a4b-3905-409b-a7a7-d4c4285528aa",
      "notebookname": "bronze-balance-sheet-notebook",
      "pipelinename": "bronze-yf-stock-balance-sheet-pipeline",
      "description": "Ingests raw balance sheet data for companies.",
      "layer": "bronze",
      "runOrder": 1,
      "dependencies": [],
      "enabled": true
    },
    {
      "notebookId": "54803edf-9aeb-47fe-8663-7fe365613c4f",
      "pipelineId": "4b9575db-226c-4e9d-8f78-b8d0a1fe106b",
      "notebookname": "bronze-cash-flow-notebook",
      "pipelinename": "bronze-yf-stock-cash-flow-pipeline",
      "description": "Ingests raw cash flow statement data for companies.",
      "layer": "bronze",
      "runOrder": 2,
      "dependencies": [],
      "enabled": true
    },
    {
      "notebookId": "e59637b6-7a53-4a57-9360-ff045e8c4bff",
      "pipelineId": "c9520489-d501-48e4-b765-99362dba18cb",
      "notebookname": "bronze-companies-information-pipeline",
      "pipelinename": "bronze-yf-stock-companies-info-pipeline",
      "description": "Ingests company metadata like sector, industry, and location.",
      "layer": "bronze",
      "runOrder": 3,
      "dependencies": [],
      "enabled": true
    },
    {
      "notebookId": "f3f2c87d-3046-49f5-bdbf-189c3688e5b5",
      "pipelineId": "75824f6f-2608-42fe-b698-7bfbdd85c9e7",
      "notebookname": "bronze-companies-stock-news-notebook",
      "pipelinename": "bronze-yf-stock-companies-news-pipeline",
      "description": "Fetches recent news headlines and summaries for listed companies.",
      "layer": "bronze",
      "runOrder": 4,
      "dependencies": [],
      "enabled": true
    },
    {
      "notebookId": "77edaa38-1ec4-43ef-bc64-bbe083cf8883",
      "pipelineId": "31ad5d3d-3bd3-470d-a371-e343f7e07b9e",
      "notebookname": "bronze-Income-statement-notebook",
      "pipelinename": "bronze-yf-stock-Income-statement-pipeline",
      "description": "Ingests raw income statement data like revenue and net profit.",
      "layer": "bronze",
      "runOrder": 5,
      "dependencies": [],
      "enabled": true
    },
    {
      "notebookId": "d6bc2ad3-ecb2-4c73-87e2-180bf2414866",
      "pipelineId": "7783761f-def6-4283-bb2c-2c3e676d9b5c",
      "notebookname": "bronze-stock-historical-data-pipeline",
      "pipelinename": "bronze-yf-stock-historical-data-pipeline",
      "description": "Collects historical OHLCV stock price data for analysis.",
      "layer": "bronze",
      "runOrder": 6,
      "dependencies": [],
      "enabled": true
    },
    {
      "notebookId": "9db4b48b-c546-4674-b55c-c02ed46e5f96",
      "pipelineId": "9593048e-c9aa-422c-adf1-3c110076e993",
      "notebookname": "silver-balance-sheet-notebook",
      "pipelinename": "silver-yf-stock-balance-sheet-pipeline",
      "description": "Ingests raw balance sheet data for companies.",
      "layer": "silver",
      "runOrder": 1,
      "dependencies": [],
      "enabled": true
    },
    {
      "notebookId": "05bc3bdf-9f83-4a75-9470-ca70433c53a1",
      "pipelineId": "4487cddb-f23c-44c9-a393-a7c11bd6c4c2",
      "notebookname": "silver-cash-flow-notebook",
      "pipelinename": "silver-yf-stock-cash-flow-pipeline",
      "description": "Ingests raw cash flow statement data for companies.",
      "layer": "silver",
      "runOrder": 2,
      "dependencies": [],
      "enabled": true
    },
    {
      "notebookId": "e59637b6-7a53-4a57-9360-ff045e8c4bff",
      "pipelineId": "176632b3-7960-42be-841b-2a7ae3fdf0a3",
      "notebookname": "silver-companies-information-notebook",
      "pipelinename": "silver-yf-stock-companies-info-pipeline",
      "description": "Ingests company metadata like sector, industry, and location.",
      "layer": "silver",
      "runOrder": 3,
      "dependencies": [],
      "enabled": true
    },
    {
      "notebookId": "f3f2c87d-3046-49f5-bdbf-189c3688e5b5",
      "pipelineId": "3f05d826-4bb5-45e5-92e5-733f9ab0e830",
      "notebookname": "silver-companies-stock-news-notebook",
      "pipelinename": "silver-yf-stock-companies-news-pipeline",
      "description": "Fetches recent news headlines and summaries for listed companies.",
      "layer": "silver",
      "runOrder": 4,
      "dependencies": [],
      "enabled": true
    },
    {
      "notebookId": "c18a8b30-c646-4266-98d0-8cd78dfa45df",
      "pipelineId": "153e95a6-f8f7-4e1a-81a0-14d8f9d28e0b",
      "notebookname": "silver-Income-statement-notebook",
      "pipelinename": "silver-yf-stock-Income-statement-pipeline",
      "description": "Ingests raw income statement data like revenue and net profit.",
      "layer": "silver",
      "runOrder": 5,
      "dependencies": [],
      "enabled": true
    },
    {
      "notebookId": "c60ee5ad-26df-40f5-a19f-2ef5b8899fc0",
      "pipelineId": "63299ecd-a455-422a-af9e-9277824d1997",
      "notebookname": "silver-stock-historical-data-notebook",
      "pipelinename": "silver-yf-stock-historical-data-pipeline",
      "description": "Collects historical OHLCV stock price data for analysis.",
      "layer": "silver",
      "runOrder": 6,
      "dependencies": [],
      "enabled": true
    },
    {
      "notebookId": "f113790d-8f58-44bd-b499-4177c8a0fa04",
      "pipelineId": "",
      "notebookname": "gold-financials-stock-data",
      "pipelinename": "",
      "description": "",
      "layer": "gold",
      "runOrder": 1,
      "dependencies": [],
      "enabled": true
    },
    {
      "notebookId": "617efe4e-a40b-4415-9134-8874d4d5f3eb",
      "pipelineId": "",
      "notebookname": "gold-yahoo-financial-statements",
      "pipelinename": "",
      "description": "",
      "layer": "gold",
      "runOrder": 2,
      "dependencies": [],
      "enabled": true
    },
    {
      "notebookId": "1f83f3ad-2648-4095-9c5f-3b7b7bc2ef69",
      "pipelineId": "",
      "notebookname": "gold-yahoo-stock-news",
      "pipelinename": "",
      "description": "",
      "layer": "gold",
      "runOrder": 3,
      "dependencies": [],
      "enabled": true
    },
    {
      "notebookId": "",
      "pipelineId": "83ec82d5-0364-4407-a40a-8ae5f0ae2f37",
      "notebookname": "",
      "pipelinename": "gold-yf-stock-master-notebook-run",
      "description": "",
      "layer": "gold",
      "runOrder": 4,
      "dependencies": [],
      "enabled": true
    },
    {
      "notebookId": "",
      "pipelineId": "3135a32f-854c-4c6e-88a0-de25b807b2f8",
      "notebookname": "",
      "pipelinename": "gold-yf-stock-sql-table-pipeline",
      "description": "",
      "layer": "gold",
      "runOrder": 5,
      "dependencies": [],
      "enabled": true
    }
]
}
